Date,Open,High,Low,Close,Volume,Adj Close
2021-01-04,377.42999267578125,381.54998779296875,374.80999755859375,380.1499938964844,3322200,363.1431884765625
2021-01-05,378.8599853515625,380.2099914550781,375.25,375.739990234375,2748400,358.9304504394531
2021-01-06,373.82000732421875,375.79998779296875,369.6499938964844,370.0199890136719,2661400,353.4664001464844
2021-01-07,371.010009765625,371.6499938964844,366.7900085449219,367.9200134277344,2849500,351.4603271484375
2021-01-08,368.1199951171875,370.260009765625,364.2900085449219,369.94000244140625,2599700,353.3899841308594
2021-01-11,368.5799865722656,371.0,363.8599853515625,364.010009765625,2562500,347.72528076171875
2021-01-12,364.0,365.07000732421875,360.25,364.20001220703125,2387600,347.9067687988281
2021-01-13,364.3699951171875,368.739990234375,363.0,366.95001220703125,1968800,350.53375244140625
2021-01-14,366.0,366.5,361.55999755859375,362.3500061035156,2363900,346.13946533203125
2021-01-15,361.05999755859375,364.9100036621094,360.79998779296875,362.1600036621094,2340400,345.9580383300781
2021-01-19,362.3599853515625,362.95001220703125,352.44000244140625,354.4700012207031,4533800,338.6120910644531
2021-01-20,354.3900146484375,361.8999938964844,353.4100036621094,361.29998779296875,2767200,345.1365051269531
2021-01-21,361.29998779296875,363.989990234375,359.94000244140625,362.79998779296875,2121600,346.56939697265625
2021-01-22,363.20001220703125,364.6300048828125,359.8500061035156,362.29998779296875,1960300,346.0916748046875
2021-01-25,360.8599853515625,361.9599914550781,356.82000732421875,361.8800048828125,2735900,345.6905517578125
2021-01-26,360.20001220703125,365.8999938964844,358.8800048828125,364.9800109863281,1807000,348.65185546875
2021-01-27,362.989990234375,365.79998779296875,354.8500061035156,356.3900146484375,3120800,340.4461975097656
2021-01-28,356.8500061035156,361.6099853515625,356.07000732421875,357.05999755859375,2251100,341.0862121582031
2021-01-29,354.75,356.2900085449219,351.8800048828125,352.42999267578125,2598700,336.66326904296875
2021-02-01,351.2099914550781,352.7900085449219,349.2099914550781,350.5199890136719,2371200,334.8387756347656
2021-02-02,351.760009765625,357.70001220703125,350.7200012207031,355.5799865722656,1905000,339.67236328125
2021-02-03,356.2300109863281,357.5299987792969,353.2099914550781,355.2099914550781,1759800,339.3189392089844
2021-02-04,356.7099914550781,358.3800048828125,353.8500061035156,355.8500061035156,3411600,340.6015319824219
2021-02-05,356.54998779296875,356.8500061035156,354.1000061035156,355.1700134277344,2165600,339.95068359375
2021-02-08,356.57000732421875,360.0400085449219,355.57000732421875,359.8299865722656,2520700,344.4109191894531
2021-02-09,360.0400085449219,361.6700134277344,358.29998779296875,359.55999755859375,2154000,344.1525573730469
2021-02-10,361.0,361.0,355.1199951171875,356.1199951171875,2162400,340.8599548339844
2021-02-11,355.7300109863281,356.5,351.3900146484375,352.20001220703125,2088400,337.1079406738281
2021-02-12,351.989990234375,352.9800109863281,350.1000061035156,352.75,2096600,337.6343688964844
2021-02-16,353.0799865722656,355.3599853515625,352.0400085449219,354.0,1829000,338.8307800292969
2021-02-17,353.1099853515625,358.1700134277344,351.9100036621094,358.0400085449219,2143000,342.69769287109375
2021-02-18,352.2799987792969,358.20001220703125,352.2799987792969,356.9200134277344,1914900,341.6257019042969
2021-02-19,356.69000244140625,357.92999267578125,354.5799865722656,354.7699890136719,1839400,339.56781005859375
2021-02-22,352.75,353.2900085449219,348.82000732421875,350.2099914550781,2215600,335.20318603515625
2021-02-23,349.79998779296875,351.0,342.0299987792969,342.1499938964844,3692600,327.48858642578125
2021-02-24,341.7900085449219,342.5,337.8900146484375,340.70001220703125,3305800,326.1007080078125
2021-02-25,340.8500061035156,343.0,333.3500061035156,333.8999938964844,3618100,319.5920715332031
2021-02-26,335.510009765625,335.8900146484375,330.94000244140625,331.0,3362200,316.81634521484375
2021-03-01,335.2099914550781,336.0,331.3599853515625,331.7699890136719,4653200,317.5533447265625
2021-03-02,333.69000244140625,334.69000244140625,328.4200134277344,328.4599914550781,4660100,314.3851318359375
2021-03-03,328.1700134277344,328.4200134277344,323.760009765625,323.9200134277344,4064200,310.039794921875
2021-03-04,323.3699951171875,325.6000061035156,315.0400085449219,319.0400085449219,5501200,305.368896484375
2021-03-05,315.3299865722656,318.42999267578125,307.0,317.32000732421875,8102800,303.7225646972656
2021-03-08,318.9100036621094,322.3299865722656,310.9200134277344,311.4200134277344,4873500,298.07537841796875
2021-03-09,313.760009765625,320.2799987792969,312.7099914550781,318.7799987792969,5426800,305.1199645996094
2021-03-10,321.1400146484375,327.3900146484375,317.32000732421875,323.8299865722656,4523500,309.95361328125
2021-03-11,330.4100036621094,331.25,326.7200012207031,328.6499938964844,4338900,314.5670471191406
2021-03-12,328.1000061035156,331.6300048828125,325.6000061035156,331.1400146484375,3182100,316.9503173828125
2021-03-15,333.6000061035156,333.67999267578125,327.32000732421875,330.510009765625,3243000,316.34735107421875
2021-03-16,329.6700134277344,330.0299987792969,326.6400146484375,327.25,3066700,313.22705078125
2021-03-17,326.0,330.5,324.1199951171875,329.19000244140625,2672400,315.0839538574219
2021-03-18,326.4800109863281,328.1400146484375,322.3800048828125,322.9800109863281,2736900,309.14007568359375
2021-03-19,323.6099853515625,329.25,322.3900146484375,328.9100036621094,4859300,314.81591796875
2021-03-22,328.45001220703125,336.1700134277344,328.19000244140625,334.489990234375,4064900,320.1567687988281
2021-03-23,333.8900146484375,342.510009765625,333.79998779296875,340.3399963378906,3641200,325.756103515625
2021-03-24,342.2200012207031,342.510009765625,336.8299865722656,338.0400085449219,3006400,323.55474853515625
2021-03-25,337.80999755859375,347.7799987792969,337.2699890136719,346.3399963378906,4307100,331.4990234375
2021-03-26,346.2099914550781,352.4599914550781,344.1000061035156,352.0199890136719,3061200,336.9356689453125
2021-03-29,351.45001220703125,357.7699890136719,351.010009765625,356.1499938964844,3012000,340.8887023925781
2021-03-30,353.5799865722656,354.7699890136719,348.8399963378906,349.75,2602400,334.7629089355469
2021-03-31,350.6600036621094,357.45001220703125,349.2300109863281,352.4800109863281,2832200,337.37591552734375
2021-04-01,352.5400085449219,357.32000732421875,351.6300048828125,354.94000244140625,2938600,339.7305603027344
2021-04-05,357.5,362.6700134277344,356.8399963378906,360.82000732421875,2705700,345.3585510253906
2021-04-06,359.79998779296875,362.79998779296875,359.0,360.1199951171875,2142000,344.6885681152344
2021-04-07,360.8699951171875,361.4599914550781,357.6099853515625,358.80999755859375,1808400,343.4346618652344
2021-04-08,362.79998779296875,366.0199890136719,359.6000061035156,361.2200012207031,2839200,345.7414245605469
2021-04-09,360.9100036621094,363.7099914550781,359.6000061035156,363.2099914550781,1610800,347.6461486816406
2021-04-12,362.8399963378906,365.25,361.3399963378906,364.80999755859375,1836600,349.1775817871094
2021-04-13,365.3399963378906,367.29998779296875,364.2699890136719,365.2099914550781,1796400,349.5603942871094
2021-04-14,364.8500061035156,364.8500061035156,362.54998779296875,363.1700134277344,1509400,347.60791015625
2021-04-15,364.8800048828125,369.54998779296875,364.2699890136719,368.79998779296875,1850100,352.99664306640625
2021-04-16,369.70001220703125,372.79998779296875,368.5799865722656,370.7200012207031,2249200,354.8343200683594
2021-04-19,371.0,371.5299987792969,368.20001220703125,369.54998779296875,1560000,353.7144470214844
2021-04-20,369.0,375.3599853515625,368.7300109863281,371.7300109863281,2330700,355.8010559082031
2021-04-21,371.6099853515625,374.5799865722656,371.4700012207031,374.0899963378906,1531800,358.0599365234375
2021-04-22,374.3399963378906,375.44000244140625,370.0299987792969,371.260009765625,2138000,355.3511962890625
2021-04-23,371.260009765625,374.8500061035156,370.4100036621094,373.2799987792969,1404500,357.2846374511719
2021-04-26,373.8999938964844,373.8999938964844,368.2099914550781,368.5199890136719,2059700,352.7286376953125
2021-04-27,368.1700134277344,370.9599914550781,365.2900085449219,370.2099914550781,1875900,354.34613037109375
2021-04-28,369.54998779296875,370.5,368.17999267578125,369.5899963378906,1305600,353.7527770996094
2021-04-29,368.5400085449219,374.7099914550781,368.5299987792969,373.5400085449219,1848300,358.29931640625
2021-04-30,372.9100036621094,374.1600036621094,371.3299865722656,372.0899963378906,2118900,356.908447265625
2021-05-03,373.8399963378906,379.6199951171875,372.8900146484375,379.32000732421875,2685800,363.843505859375
2021-05-04,379.0299987792969,379.2300109863281,373.75,375.2900085449219,2133800,359.97796630859375
2021-05-05,376.3500061035156,377.5199890136719,372.04998779296875,372.5,1905300,357.3017883300781
2021-05-06,373.19000244140625,382.94000244140625,373.19000244140625,382.760009765625,2641400,367.1431579589844
2021-05-07,382.8299865722656,386.45001220703125,382.20001220703125,384.32000732421875,1817100,368.6395263671875
2021-05-10,385.489990234375,387.8900146484375,381.2799987792969,381.4800109863281,1998700,365.9153747558594
2021-05-11,379.30999755859375,380.9200134277344,376.0,378.17999267578125,1859700,362.7500305175781
2021-05-12,376.0,376.94000244140625,371.1099853515625,372.20001220703125,2344600,357.0140075683594
2021-05-13,373.0899963378906,381.44000244140625,371.57000732421875,379.5299987792969,2023100,364.04498291015625
2021-05-14,382.1400146484375,385.82000732421875,380.1000061035156,384.4200134277344,1876100,368.73541259765625
2021-05-17,385.0400085449219,387.04998779296875,382.8999938964844,383.9599914550781,1830800,368.2942199707031
2021-05-18,386.45001220703125,389.45001220703125,382.510009765625,382.80999755859375,1698200,367.1911315917969
2021-05-19,377.1499938964844,381.7300109863281,376.1300048828125,379.6600036621094,1725000,364.169677734375
2021-05-20,379.17999267578125,384.5199890136719,378.2799987792969,383.5799865722656,1427300,367.9297180175781
2021-05-21,385.04998779296875,385.3500061035156,380.42999267578125,380.7200012207031,1706600,365.1864318847656
2021-05-24,384.3399963378906,385.760009765625,381.8900146484375,383.45001220703125,1657000,367.8050231933594
2021-05-25,383.6199951171875,385.739990234375,382.0299987792969,385.3800048828125,1379700,369.6563720703125
2021-05-26,385.8599853515625,387.75,385.0199890136719,385.6199951171875,1648000,369.8865051269531
2021-05-27,385.1300048828125,387.7699890136719,383.5,387.5,4452000,371.68975830078125
2021-05-28,384.1499938964844,385.30999755859375,377.0299987792969,378.2699890136719,4681200,362.83636474609375
2021-06-01,379.92999267578125,380.20001220703125,375.5,378.2300109863281,2117800,362.7980041503906
2021-06-02,378.3800048828125,381.9200134277344,377.7099914550781,380.5899963378906,1881000,365.0616455078125
2021-06-03,379.6400146484375,384.19000244140625,378.8599853515625,383.8699951171875,1780300,368.2078857421875
2021-06-04,384.19000244140625,387.760009765625,383.7099914550781,387.5199890136719,1765900,371.7089538574219
2021-06-07,385.4700012207031,386.45001220703125,378.57000732421875,380.3999938964844,2515800,364.87945556640625
2021-06-08,380.4100036621094,381.2099914550781,377.69000244140625,379.70001220703125,1553800,364.2080078125
2021-06-09,380.2099914550781,381.7799987792969,379.1300048828125,379.9599914550781,1398900,364.4574279785156
2021-06-10,380.2699890136719,383.3599853515625,379.489990234375,383.010009765625,1404000,367.38299560546875
2021-06-11,383.8599853515625,383.8599853515625,380.5299987792969,381.8299865722656,1404200,366.2510986328125
2021-06-14,380.7900085449219,383.9800109863281,379.0799865722656,383.760009765625,1652600,368.10235595703125
2021-06-15,383.760009765625,384.5,381.55999755859375,383.9100036621094,1252000,368.24627685546875
2021-06-16,384.3999938964844,386.44000244140625,377.1199951171875,379.4100036621094,1801700,363.92987060546875
2021-06-17,380.3800048828125,386.4700012207031,379.2099914550781,384.75,1686500,369.0519714355469
2021-06-18,384.75,384.9100036621094,380.29998779296875,380.8800048828125,3415700,365.3398742675781
2021-06-21,382.25,387.6499938964844,380.55999755859375,386.79998779296875,1631600,371.0183410644531
2021-06-22,387.0199890136719,392.5,386.55999755859375,392.17999267578125,1934800,376.1788330078125
2021-06-23,393.0,393.44000244140625,390.5899963378906,391.9700012207031,1538000,375.97735595703125
2021-06-24,393.4200134277344,395.5,391.79998779296875,392.07000732421875,1487300,376.0733337402344
2021-06-25,392.9700012207031,394.54998779296875,391.25,394.510009765625,2056100,378.41375732421875
2021-06-28,395.0,397.4200134277344,393.1300048828125,396.5400085449219,1645500,380.3609619140625
2021-06-29,396.29998779296875,399.44000244140625,395.4700012207031,398.7900085449219,1523600,382.5191650390625
2021-06-30,397.9700012207031,400.4700012207031,395.0,395.6700134277344,2031700,379.5264587402344
2021-07-01,396.29998779296875,397.69000244140625,393.8800048828125,394.5299987792969,1523400,378.43292236328125
2021-07-02,396.2099914550781,400.7699890136719,396.1099853515625,398.94000244140625,1676600,382.6629943847656
2021-07-06,399.8399963378906,401.3999938964844,397.1099853515625,398.8599853515625,2113100,382.5862731933594
2021-07-07,399.20001220703125,406.1199951171875,399.20001220703125,404.67999267578125,2308600,388.1688537597656
2021-07-08,403.5,408.6400146484375,403.1600036621094,407.1499938964844,2235500,390.53802490234375
2021-07-09,408.54998779296875,414.0,407.5899963378906,412.3699951171875,2304200,395.5450439453125
2021-07-12,414.0400085449219,414.3500061035156,404.5299987792969,407.8800048828125,2491300,391.2382507324219
2021-07-13,404.70001220703125,409.2900085449219,404.70001220703125,407.05999755859375,1540300,390.4516906738281
2021-07-14,408.5799865722656,410.4700012207031,407.260009765625,409.95001220703125,1265800,393.223876953125
2021-07-15,410.4599914550781,412.20001220703125,407.8800048828125,411.82000732421875,1894100,395.0174865722656
2021-07-16,412.1199951171875,413.4200134277344,409.7699890136719,410.3699951171875,1413900,393.6266784667969
2021-07-19,410.05999755859375,415.32000732421875,410.04998779296875,414.1499938964844,2293100,397.2524108886719
2021-07-20,414.0,418.07000732421875,412.8500061035156,416.239990234375,2045400,399.25714111328125
2021-07-21,417.1099853515625,417.1099853515625,412.2200012207031,415.010009765625,1480000,398.07733154296875
2021-07-22,416.0,418.6000061035156,413.54998779296875,417.5400085449219,1339200,400.5041198730469
2021-07-23,418.2900085449219,423.989990234375,417.04998779296875,423.42999267578125,1344500,406.15380859375
2021-07-26,423.3999938964844,424.5,420.3500061035156,423.2300109863281,1220000,405.96197509765625
2021-07-27,424.0,424.55999755859375,421.6000061035156,424.3399963378906,1666500,407.0266418457031
2021-07-28,423.2699890136719,424.8599853515625,420.5400085449219,422.2200012207031,1362700,404.9931640625
2021-07-29,421.67999267578125,425.8500061035156,420.3599853515625,425.2799987792969,1434200,408.6930236816406
2021-07-30,425.9800109863281,431.5,425.94000244140625,429.7200012207031,2283900,412.9598083496094
2021-08-02,430.6199951171875,430.7099914550781,425.4800109863281,428.9200134277344,1366900,412.1910705566406
2021-08-03,429.9200134277344,436.79998779296875,429.1199951171875,435.07000732421875,1448100,418.10113525390625
2021-08-04,436.0,437.989990234375,432.8900146484375,435.0400085449219,1280500,418.0723571777344
2021-08-05,437.75,443.5,436.7300109863281,443.19000244140625,1742600,425.9045104980469
2021-08-06,442.7300109863281,443.4599914550781,438.8999938964844,439.6300048828125,1789800,422.48333740234375
2021-08-09,440.6499938964844,442.7799987792969,439.30999755859375,440.4700012207031,1472500,423.29058837890625
2021-08-10,440.6600036621094,443.79998779296875,440.6600036621094,443.0299987792969,1893700,425.75067138671875
2021-08-11,445.5,448.0,441.79998779296875,444.29998779296875,2267500,426.97119140625
2021-08-12,443.0,446.6300048828125,442.25,445.3599853515625,1230700,427.9898681640625
2021-08-13,445.7799987792969,448.3599853515625,444.5400085449219,447.82000732421875,1309300,430.35394287109375
2021-08-16,447.9100036621094,453.19000244140625,447.04998779296875,452.8599853515625,1515600,435.197265625
2021-08-17,452.8599853515625,453.7799987792969,449.70001220703125,452.3399963378906,1936700,434.6976318359375
2021-08-18,450.9599914550781,455.239990234375,445.8999938964844,446.2099914550781,2030100,428.8066711425781
2021-08-19,442.95001220703125,455.5,441.30999755859375,454.260009765625,1953700,436.542724609375
2021-08-20,455.489990234375,460.6199951171875,453.6600036621094,458.989990234375,1911200,441.08819580078125
2021-08-23,457.2699890136719,459.05999755859375,454.5899963378906,454.92999267578125,1835900,437.1866455078125
2021-08-24,455.25,455.3900146484375,450.29998779296875,451.7900085449219,1541700,434.1690673828125
2021-08-25,450.8299865722656,452.82000732421875,447.32000732421875,451.2300109863281,1520600,433.63092041015625
2021-08-26,451.2300109863281,452.4800109863281,446.70001220703125,449.30999755859375,1418600,431.78582763671875
2021-08-27,449.30999755859375,451.6199951171875,446.79998779296875,450.3399963378906,1310200,432.77557373046875
2021-08-30,451.0400085449219,456.5899963378906,450.44000244140625,455.92999267578125,1219800,438.1476135253906
2021-08-31,456.1400146484375,456.8800048828125,452.44000244140625,455.489990234375,1699000,437.7247619628906
2021-09-01,455.4800109863281,456.67999267578125,451.8500061035156,456.5199890136719,1325400,438.71453857421875
2021-09-02,459.4200134277344,461.44000244140625,458.3900146484375,460.9700012207031,1455000,442.99102783203125
2021-09-03,459.0,463.6000061035156,459.0,462.54998779296875,1302400,444.5093688964844
2021-09-07,462.5,463.20001220703125,457.6300048828125,459.6000061035156,1463400,441.6744384765625
2021-09-08,459.1099853515625,465.8299865722656,458.0799865722656,465.70001220703125,1372000,447.5365295410156
2021-09-09,467.3399963378906,469.7699890136719,465.239990234375,465.94000244140625,1398700,447.7671813964844
2021-09-10,467.1700134277344,468.3999938964844,463.20001220703125,465.1600036621094,1324800,447.0176086425781
2021-09-13,467.05999755859375,468.239990234375,458.20001220703125,459.6600036621094,1679500,441.7321472167969
2021-09-14,460.95001220703125,462.20001220703125,457.4200134277344,458.4100036621094,1383900,440.53082275390625
2021-09-15,458.239990234375,462.25,456.1400146484375,460.7300109863281,1770300,442.7604064941406
2021-09-16,460.7900085449219,463.7699890136719,456.57000732421875,463.30999755859375,1577500,445.23974609375
2021-09-17,461.6199951171875,462.82000732421875,457.0199890136719,459.510009765625,3411400,441.58795166015625
2021-09-20,456.6300048828125,460.95001220703125,446.6199951171875,451.1400146484375,2602000,433.54449462890625
2021-09-21,451.1400146484375,456.8399963378906,450.1600036621094,452.1099853515625,1531300,434.4765319824219
2021-09-22,454.70001220703125,455.3500061035156,449.8399963378906,452.3299865722656,1380800,434.68798828125
2021-09-23,452.29998779296875,455.54998779296875,451.1000061035156,452.7799987792969,2061200,435.1204833984375
2021-09-24,455.9800109863281,468.7200012207031,455.0,467.75,3353800,449.5065612792969
2021-09-27,465.54998779296875,470.489990234375,457.239990234375,460.55999755859375,2526000,442.5969543457031
2021-09-28,457.1400146484375,457.5,445.6700134277344,447.3500061035156,2632700,429.9022216796875
2021-09-29,449.8699951171875,456.0,448.8999938964844,451.7900085449219,1922000,434.1690673828125
2021-09-30,453.6199951171875,455.3599853515625,449.29998779296875,449.3500061035156,1836400,431.82421875
2021-10-01,449.7300109863281,451.0799865722656,440.760009765625,448.3299865722656,1860700,430.8440246582031
2021-10-04,448.3399963378906,449.3500061035156,436.1700134277344,440.1400146484375,2264000,422.9734802246094
2021-10-05,439.5799865722656,449.1099853515625,439.25,446.239990234375,1808700,428.83551025390625
2021-10-06,443.92999267578125,449.7799987792969,442.3800048828125,449.3399963378906,1334600,431.8146057128906
2021-10-07,456.4700012207031,459.5899963378906,452.07000732421875,452.8699951171875,1966200,435.2069396972656
2021-10-08,455.44000244140625,455.75,450.0,451.8500061035156,1545800,434.2267761230469
2021-10-11,450.0400085449219,453.69000244140625,449.5400085449219,449.70001220703125,1011700,432.16058349609375
2021-10-12,450.1499938964844,452.8500061035156,445.75,446.8699951171875,1380900,429.44091796875
2021-10-13,448.5400085449219,450.510009765625,444.07000732421875,445.29998779296875,1621500,427.9321594238281
2021-10-14,447.1099853515625,451.70001220703125,446.5,450.6600036621094,1480400,433.0831604003906
2021-10-15,453.8900146484375,453.94000244140625,449.17999267578125,452.3900146484375,1494800,434.74566650390625
2021-10-18,449.6099853515625,462.3500061035156,448.5,461.95001220703125,2141300,443.9327697753906
2021-10-19,463.0,467.1600036621094,460.30999755859375,467.0799865722656,1365300,448.8627014160156
2021-10-20,468.5199890136719,472.5,467.8399963378906,469.7699890136719,1352900,451.4477844238281
2021-10-21,469.7699890136719,477.6499938964844,469.0799865722656,477.2300109863281,1423300,458.6168518066406
2021-10-22,478.989990234375,485.0299987792969,478.57000732421875,481.989990234375,1710300,463.1911315917969
2021-10-25,481.989990234375,492.2099914550781,479.5,490.1000061035156,1903400,470.98486328125
2021-10-26,482.1300048828125,488.25,481.2300109863281,485.5299987792969,2378600,466.5931091308594
2021-10-27,483.8500061035156,491.5,483.55999755859375,489.1099853515625,1741800,470.033447265625
2021-10-28,486.9599914550781,491.8299865722656,486.4800109863281,490.5299987792969,1362400,472.16070556640625
2021-10-29,486.7799987792969,494.1700134277344,486.6600036621094,491.5400085449219,2471600,473.13287353515625
2021-11-01,494.1499938964844,494.8900146484375,487.20001220703125,491.8699951171875,1548700,473.4505615234375
2021-11-02,494.739990234375,499.489990234375,492.7200012207031,496.989990234375,2012200,478.3787841796875
2021-11-03,501.3399963378906,502.9599914550781,495.75,502.3299865722656,1856000,483.5188293457031
2021-11-04,507.010009765625,520.2100219726562,506.010009765625,515.6199951171875,2615000,496.3111877441406
2021-11-05,514.77001953125,517.9000244140625,508.6300048828125,513.1199951171875,2071700,493.90472412109375
2021-11-08,513.4099731445312,513.4099731445312,500.20001220703125,503.80999755859375,2834800,484.94342041015625
2021-11-09,505.1199951171875,509.1000061035156,504.05999755859375,508.7099914550781,1881800,489.659912109375
2021-11-10,508.260009765625,510.3599853515625,503.7699890136719,505.510009765625,1226600,486.57977294921875
2021-11-11,506.20001220703125,512.5,504.0400085449219,512.1799926757812,1227300,492.9999694824219
2021-11-12,514.25,519.6599731445312,513.22998046875,517.1699829101562,1780200,497.8031005859375
2021-11-15,518.489990234375,523.0999755859375,518.010009765625,519.8900146484375,1392300,500.4212341308594
2021-11-16,519.8400268554688,528.2999877929688,517.4099731445312,526.719970703125,1690700,506.99542236328125
2021-11-17,527.5,530.739990234375,524.510009765625,526.2899780273438,1609400,506.58148193359375
2021-11-18,528.1599731445312,530.7999877929688,522.489990234375,529.3699951171875,1664200,509.5461730957031
2021-11-19,534.0800170898438,535.280029296875,528.010009765625,533.7899780273438,1909800,513.8006591796875
2021-11-22,533.3200073242188,545.4199829101562,532.3200073242188,539.6500244140625,2190500,519.44140625
2021-11-23,537.9600219726562,545.8200073242188,533.77001953125,545.260009765625,2147000,524.8412475585938
2021-11-24,545.5399780273438,550.8300170898438,543.3200073242188,549.72998046875,2316400,529.1438598632812
2021-11-26,549.5499877929688,554.5499877929688,544.3099975585938,546.1300048828125,1844800,525.6785888671875
2021-11-29,546.1300048828125,560.780029296875,542.4099731445312,554.8800048828125,2919100,534.1010131835938
2021-11-30,551.0,557.1699829101562,535.8900146484375,539.3800048828125,4244200,519.1813354492188
2021-12-01,543.0999755859375,548.25,529.4000244140625,529.8400268554688,2877100,509.9986267089844
2021-12-02,518.510009765625,530.9099731445312,514.0399780273438,525.510009765625,3277500,505.830810546875
2021-12-03,529.989990234375,537.5,524.77001953125,528.9299926757812,2984400,509.1226501464844
2021-12-06,532.25,536.0499877929688,527.5700073242188,533.2000122070312,2432900,513.2327880859375
2021-12-07,538.25,543.0,534.7100219726562,542.02001953125,2579800,521.7225952148438
2021-12-08,546.2100219726562,547.7899780273438,525.5499877929688,530.1099853515625,3037500,510.2585144042969
2021-12-09,528.7999877929688,532.3300170898438,523.7999877929688,524.3300170898438,3200500,504.6950378417969
2021-12-10,534.7100219726562,561.27001953125,534.6099853515625,558.8200073242188,6333600,537.8934326171875
2021-12-13,550.4400024414062,559.75,547.97998046875,557.219970703125,3415200,536.3533325195312
2021-12-14,556.4600219726562,557.1699829101562,537.5700073242188,545.3400268554688,3494400,524.9182739257812
2021-12-15,546.2100219726562,566.489990234375,545.530029296875,565.47998046875,2937100,544.303955078125
2021-12-16,564.7899780273438,566.5499877929688,549.4500122070312,552.6300048828125,2683000,531.9352416992188
2021-12-17,549.3200073242188,556.469970703125,540.97998046875,547.6099853515625,5752000,527.1031494140625
2021-12-20,542.1300048828125,549.1400146484375,538.030029296875,548.5599975585938,2033600,528.0176391601562
2021-12-21,550.5,551.780029296875,536.0800170898438,545.4299926757812,2472800,525.0048828125
2021-12-22,545.3800048828125,550.0,539.7999877929688,549.6699829101562,1454500,529.0860595703125
2021-12-23,551.739990234375,552.6099853515625,547.489990234375,550.3699951171875,1757800,529.759765625
2021-12-27,551.5399780273438,565.739990234375,551.4400024414062,563.469970703125,2262900,542.3692016601562
2021-12-28,563.4299926757812,566.6400146484375,560.7000122070312,564.6400146484375,1155000,543.4954833984375
2021-12-29,566.4000244140625,571.489990234375,563.5,567.77001953125,1753000,546.5082397460938
2021-12-30,569.530029296875,569.8800048828125,562.3699951171875,563.9099731445312,1338700,542.7927856445312
2021-12-31,563.4099731445312,568.25,559.030029296875,567.7000122070312,1509200,546.44091796875
2022-01-03,565.030029296875,567.469970703125,555.510009765625,566.7100219726562,2714100,545.4879760742188
2022-01-04,564.22998046875,568.719970703125,561.7899780273438,564.22998046875,2097500,543.1007690429688
2022-01-05,563.6900024414062,565.0499877929688,549.77001953125,549.9199829101562,2887500,529.3265991210938
2022-01-06,546.2000122070312,553.52001953125,543.5499877929688,549.7999877929688,2503100,529.211181640625
2022-01-07,547.5499877929688,548.3699951171875,534.239990234375,536.1799926757812,2323900,516.1011962890625
2022-01-10,529.2899780273438,530.4099731445312,508.5,518.7999877929688,4916800,499.3720703125
2022-01-11,518.7999877929688,522.469970703125,510.2900085449219,522.030029296875,2457300,502.48114013671875
2022-01-12,522.030029296875,530.030029296875,522.010009765625,525.7999877929688,1729500,506.1098937988281
2022-01-13,527.6400146484375,529.0499877929688,515.22998046875,516.8800048828125,2428100,497.5239562988281
2022-01-14,511.57000732421875,512.97998046875,501.8599853515625,502.989990234375,3872500,484.1540832519531
2022-01-18,494.4599914550781,495.0799865722656,486.8599853515625,488.07000732421875,3801900,469.79278564453125
2022-01-19,489.8900146484375,496.239990234375,487.1000061035156,490.1600036621094,2709400,471.8045959472656
2022-01-20,490.75,499.8800048828125,481.8399963378906,482.82000732421875,2893700,464.7394104003906
2022-01-21,481.9200134277344,494.6099853515625,481.32000732421875,481.6099853515625,3295600,463.5747375488281
2022-01-24,475.54998779296875,489.9700012207031,469.010009765625,488.8999938964844,4412600,470.5917663574219
2022-01-25,479.8999938964844,482.6400146484375,472.3699951171875,477.32000732421875,3076800,459.4454040527344
2022-01-26,483.2300109863281,493.8699951171875,478.7699890136719,483.4700012207031,3074900,465.3651123046875
2022-01-27,486.9200134277344,495.7900085449219,480.30999755859375,482.5199890136719,2372300,464.45068359375
2022-01-28,483.739990234375,492.7300109863281,475.8999938964844,492.42999267578125,1918500,473.9895935058594
2022-01-31,492.0,506.4200134277344,490.6300048828125,505.1300048828125,2480700,486.2139587402344
2022-02-01,505.0,509.67999267578125,496.94000244140625,508.4100036621094,2347200,489.3711853027344
2022-02-02,511.1099853515625,523.989990234375,510.3399963378906,522.02001953125,2547600,502.4715270996094
2022-02-03,515.8800048828125,526.4400024414062,514.2100219726562,521.77001953125,2665100,502.9921875
2022-02-04,518.1099853515625,522.0,510.79998779296875,519.77001953125,2387400,501.0641174316406
2022-02-07,521.2999877929688,522.0,514.22998046875,515.8900146484375,1863600,497.3236999511719
2022-02-08,515.8900146484375,523.3900146484375,510.5,521.1500244140625,1462000,502.3943786621094
2022-02-09,528.0,534.239990234375,525.6799926757812,528.8300170898438,2256700,509.79803466796875
2022-02-10,520.8699951171875,524.469970703125,514.75,518.47998046875,2558900,499.82049560546875
2022-02-11,518.4000244140625,521.3499755859375,507.3800048828125,509.6700134277344,2349700,491.3275451660156
2022-02-14,508.989990234375,511.5299987792969,501.44000244140625,506.55999755859375,1749600,488.3294372558594
2022-02-15,513.3400268554688,516.0,510.760009765625,513.9199829101562,1984600,495.424560546875
2022-02-16,511.489990234375,514.5499877929688,501.7099914550781,512.4000244140625,1770800,493.9592590332031
2022-02-17,509.6400146484375,518.2100219726562,507.0299987792969,515.010009765625,2022800,496.4753112792969
2022-02-18,514.8900146484375,517.9000244140625,510.3299865722656,512.6699829101562,2154700,494.2195129394531
2022-02-22,510.0,514.5800170898438,498.1600036621094,502.17999267578125,2451800,484.1070556640625
2022-02-23,502.94000244140625,507.9700012207031,494.7799987792969,495.260009765625,2021400,477.43609619140625
2022-02-24,483.2699890136719,506.54998779296875,482.9800109863281,505.5799865722656,2859800,487.3846740722656
2022-02-25,508.5799865722656,518.25,505.25,517.489990234375,2003000,498.86602783203125
2022-02-28,514.2999877929688,519.6300048828125,511.29998779296875,519.25,2408900,500.562744140625
2022-03-01,519.4600219726562,529.3599853515625,519.1900024414062,522.9299926757812,2316000,504.1102600097656
2022-03-02,524.0,533.0900268554688,519.77001953125,528.0,2571500,508.9978942871094
2022-03-03,534.489990234375,538.9600219726562,529.5399780273438,533.0499877929688,3851800,513.8660888671875
2022-03-04,519.5,529.9199829101562,511.7799987792969,525.5,4417900,506.5877380371094
2022-03-07,523.4500122070312,545.2899780273438,523.4199829101562,528.52001953125,3896900,509.4991149902344
2022-03-08,526.219970703125,539.72998046875,522.4099731445312,523.3599853515625,3649700,504.5248107910156
2022-03-09,527.6199951171875,530.8599853515625,515.7100219726562,527.6500244140625,2789700,508.6604919433594
2022-03-10,523.1099853515625,534.3699951171875,518.1400146484375,532.719970703125,1777700,513.5479736328125
2022-03-11,536.6199951171875,542.6500244140625,526.4299926757812,527.4199829101562,1735100,508.43865966796875
2022-03-14,527.77001953125,535.3099975585938,523.5399780273438,525.9500122070312,1950000,507.0216369628906
2022-03-15,530.0,543.8499755859375,527.9199829101562,542.3200073242188,2547900,522.8025512695312
2022-03-16,544.530029296875,551.6199951171875,531.260009765625,543.3900146484375,3017200,523.8339233398438
2022-03-17,543.3499755859375,553.1699829101562,543.2000122070312,552.7899780273438,1974200,532.8956909179688
2022-03-18,552.9600219726562,562.5499877929688,549.510009765625,561.3499755859375,3597800,541.1476440429688
2022-03-21,560.1400146484375,566.75,550.8400268554688,555.530029296875,3136900,535.5371704101562
2022-03-22,556.9600219726562,560.3499755859375,552.3300170898438,559.4199829101562,1777500,539.2869873046875
2022-03-23,556.9500122070312,560.6900024414062,551.9099731445312,554.02001953125,1546800,534.0814208984375
2022-03-24,555.510009765625,558.260009765625,549.219970703125,558.1099853515625,1614200,538.024169921875
2022-03-25,559.8200073242188,560.4299926757812,550.22998046875,555.7100219726562,1974900,535.710693359375
2022-03-28,556.739990234375,565.260009765625,553.5,565.2100219726562,2056100,544.8687744140625
2022-03-29,568.0,571.219970703125,564.530029296875,569.97998046875,2005400,549.4669799804688
2022-03-30,570.9500122070312,578.25,568.5900268554688,576.469970703125,2086500,555.7234497070312
2022-03-31,578.7000122070312,586.3200073242188,575.510009765625,575.8499755859375,3439800,555.125732421875
2022-04-01,577.3800048828125,582.989990234375,572.3099975585938,575.5700073242188,1933500,554.8558349609375
2022-04-04,573.9400024414062,579.6900024414062,571.469970703125,575.1300048828125,2201800,554.4315795898438
2022-04-05,572.5900268554688,583.97998046875,572.0999755859375,575.3200073242188,1826800,554.6149291992188
2022-04-06,574.030029296875,586.7999877929688,570.3699951171875,584.7899780273438,2646200,563.7439575195312
2022-04-07,592.2899780273438,612.27001953125,588.780029296875,608.0499877929688,4804200,586.1669311523438
2022-04-08,606.3800048828125,608.0,597.72998046875,600.0399780273438,3230200,578.4451904296875
2022-04-11,598.7899780273438,601.0,582.7999877929688,584.6699829101562,2792700,563.6283569335938
2022-04-12,586.6900024414062,591.72998046875,578.760009765625,581.3599853515625,2142000,560.4375
2022-04-13,582.469970703125,593.489990234375,582.469970703125,591.0900268554688,2211800,569.8173217773438
2022-04-14,591.780029296875,596.280029296875,587.0499877929688,590.3900146484375,2206200,569.142578125
2022-04-18,585.3800048828125,592.1099853515625,579.5999755859375,582.1199951171875,2161900,561.170166015625
2022-04-19,583.3499755859375,594.8300170898438,582.0,594.2999877929688,2327800,572.9118041992188
2022-04-20,599.1500244140625,605.280029296875,597.2999877929688,603.530029296875,1793300,581.8096923828125
2022-04-21,607.280029296875,609.1799926757812,591.1500244140625,591.739990234375,2027900,570.4439086914062
2022-04-22,590.3499755859375,591.9000244140625,571.0499877929688,571.7000122070312,2878200,551.1250610351562
2022-04-25,570.3099975585938,570.3300170898438,553.530029296875,568.2100219726562,3154500,547.7606811523438
2022-04-26,565.25,568.3400268554688,553.3099975585938,553.760009765625,2057400,533.8307495117188
2022-04-27,556.1900024414062,563.6199951171875,552.8499755859375,554.0800170898438,2261600,534.1392822265625
2022-04-28,555.469970703125,564.7999877929688,545.7999877929688,562.0,2118700,542.6555786132812
2022-04-29,560.9299926757812,561.5800170898438,529.7000122070312,531.719970703125,2968000,513.4178466796875
2022-05-02,532.22998046875,539.2000122070312,518.27001953125,528.9500122070312,3303400,510.74322509765625
2022-05-03,530.0,534.27001953125,523.7000122070312,528.0800170898438,2398000,509.9031677246094
2022-05-04,531.5999755859375,546.1400146484375,522.8099975585938,544.4299926757812,2465200,525.6904907226562
2022-05-05,541.5700073242188,542.3400268554688,512.1699829101562,517.3200073242188,3977000,499.5135498046875
2022-05-06,514.4000244140625,516.4400024414062,498.82000732421875,503.3599853515625,3560800,486.0340270996094
2022-05-09,496.1000061035156,507.04998779296875,494.3399963378906,498.8299865722656,3292700,481.6600341796875
2022-05-10,509.70001220703125,510.6300048828125,495.6300048828125,501.4599914550781,2729400,484.1994323730469
2022-05-11,503.9200134277344,508.0,487.80999755859375,489.0799865722656,2782900,472.2455749511719
2022-05-12,486.7900085449219,497.260009765625,479.760009765625,486.17999267578125,2829500,469.4454345703125
2022-05-13,493.1099853515625,498.7900085449219,489.6000061035156,497.2699890136719,2338600,480.1536865234375
2022-05-16,496.1400146484375,497.67999267578125,489.6199951171875,494.5299987792969,1579700,477.5080261230469
2022-05-17,489.1600036621094,493.55999755859375,480.2300109863281,490.4700012207031,2602800,473.5877380371094
2022-05-18,460.0,463.8599853515625,424.54998779296875,429.3999938964844,9511600,414.6197814941406
2022-05-19,430.3699951171875,430.5299987792969,418.7200012207031,422.92999267578125,5839600,408.3724670410156
2022-05-20,428.79998779296875,428.8500061035156,406.510009765625,416.42999267578125,5115000,402.0962219238281
2022-05-23,420.0,430.0,416.6700134277344,429.4800109863281,3687200,414.6971130371094
2022-05-24,424.79998779296875,438.7300109863281,424.3500061035156,437.7099914550781,3473400,422.643798828125
2022-05-25,436.3299865722656,443.260009765625,430.8299865722656,440.1099853515625,3225100,424.9611511230469
2022-05-26,449.1000061035156,468.04998779296875,447.510009765625,464.989990234375,5917600,448.9847717285156
2022-05-27,456.79998779296875,474.8800048828125,455.1199951171875,470.760009765625,5719600,454.55615234375
2022-05-31,470.760009765625,470.79998779296875,458.0299987792969,466.2200012207031,4424500,450.17242431640625
2022-06-01,469.3800048828125,470.5,456.70001220703125,456.989990234375,2319400,441.2601013183594
2022-06-02,460.8999938964844,491.1300048828125,457.8800048828125,487.6099853515625,4950600,470.826171875
2022-06-03,485.0299987792969,488.1499938964844,475.5899963378906,476.25,2857400,459.85723876953125
2022-06-06,480.5,481.0,468.9100036621094,472.4700012207031,2297000,456.2073669433594
2022-06-07,459.9100036621094,473.7300109863281,459.5899963378906,471.7799987792969,2435500,455.5411071777344
2022-06-08,471.7799987792969,474.42999267578125,466.8900146484375,467.989990234375,1697000,451.88153076171875
2022-06-09,467.3399963378906,484.239990234375,467.1499938964844,472.04998779296875,3087500,455.8017883300781
2022-06-10,465.0,468.19000244140625,457.760009765625,463.30999755859375,2549900,447.3625793457031
2022-06-13,450.0,458.6400146484375,448.8999938964844,452.25,3113400,436.68328857421875
2022-06-14,452.25,458.760009765625,450.2799987792969,454.79998779296875,2224600,439.1455078125
2022-06-15,458.5,464.3599853515625,451.3900146484375,458.7900085449219,2250200,442.9981689453125
2022-06-16,450.30999755859375,457.7699890136719,447.9700012207031,451.760009765625,2906600,436.2101745605469
2022-06-17,451.04998779296875,455.69000244140625,443.20001220703125,446.69000244140625,3623400,431.314697265625
2022-06-21,450.54998779296875,464.82000732421875,449.1400146484375,463.1099853515625,2420600,447.1694641113281
2022-06-22,459.3900146484375,464.7200012207031,458.5,459.9599914550781,1827500,444.1279296875
2022-06-23,466.3699951171875,476.2799987792969,465.7099914550781,475.0,2030100,458.65020751953125
2022-06-24,480.0,484.8299865722656,476.67999267578125,484.3699951171875,2862600,467.69769287109375
2022-06-27,485.80999755859375,487.239990234375,477.3500061035156,481.75,2034700,465.16790771484375
2022-06-28,483.5,487.239990234375,467.8900146484375,468.6099853515625,1754600,452.4801330566406
2022-06-29,470.95001220703125,472.9700012207031,466.4200134277344,469.8399963378906,1275600,453.6678466796875
2022-06-30,468.29998779296875,482.0899963378906,464.7200012207031,479.2799987792969,3852400,462.7829284667969
2022-07-01,481.17999267578125,491.25,478.0,485.760009765625,2660400,469.0398864746094
2022-07-05,485.55999755859375,490.8999938964844,478.4599914550781,488.260009765625,2489400,471.4538269042969
2022-07-06,488.260009765625,497.0199890136719,487.7799987792969,492.6499938964844,2262300,475.6927490234375
2022-07-07,492.05999755859375,495.5299987792969,489.2200012207031,494.95001220703125,2125200,477.91357421875
2022-07-08,497.32000732421875,505.5199890136719,497.0,501.5400085449219,2607800,484.2767639160156
2022-07-11,501.1199951171875,505.54998779296875,494.8399963378906,498.8999938964844,1891100,481.72760009765625
2022-07-12,497.010009765625,501.8999938964844,488.0400085449219,490.57000732421875,1775300,473.684326171875
2022-07-13,484.32000732421875,497.32000732421875,483.82000732421875,492.2200012207031,2008400,475.27752685546875
2022-07-14,496.0899963378906,513.27001953125,493.6199951171875,511.94000244140625,3715600,494.3187255859375
2022-07-15,516.9199829101562,524.7999877929688,515.780029296875,522.9500122070312,4265100,504.9497985839844
2022-07-18,521.8599853515625,528.530029296875,515.6699829101562,516.2999877929688,2464100,498.5286560058594
2022-07-19,522.4099731445312,525.5800170898438,516.969970703125,520.22998046875,2391000,502.32330322265625
2022-07-20,521.260009765625,526.1599731445312,516.8099975585938,524.2000122070312,1740700,506.1567687988281
2022-07-21,524.0399780273438,529.739990234375,521.5999755859375,529.4600219726562,1716100,511.2357177734375
2022-07-22,530.7100219726562,537.1099853515625,526.0700073242188,529.719970703125,1800800,511.48675537109375
2022-07-25,531.4199829101562,532.2899780273438,526.0,529.1400146484375,1452700,510.92669677734375
2022-07-26,515.0,519.6799926757812,508.760009765625,511.92999267578125,3334800,494.3090515136719
2022-07-27,513.0999755859375,525.3200073242188,511.1700134277344,522.3099975585938,2060100,504.33184814453125
2022-07-28,520.280029296875,539.1799926757812,520.280029296875,536.1799926757812,2083300,518.617919921875
2022-07-29,532.0,542.1199951171875,531.9000244140625,541.2999877929688,2131500,523.5703125
2022-08-01,541.4199829101562,552.7100219726562,541.25,546.8099975585938,2256000,528.8998413085938
2022-08-02,544.030029296875,551.0399780273438,540.77001953125,543.4600219726562,1984200,525.65966796875
2022-08-03,545.0,548.7000122070312,542.1199951171875,547.010009765625,1693300,529.0933227539062
2022-08-04,547.0,547.2000122070312,540.6699829101562,543.280029296875,2000500,525.4855346679688
2022-08-05,537.239990234375,541.5999755859375,533.3499755859375,540.6699829101562,1711500,522.9609985351562
2022-08-08,543.8400268554688,547.5,538.6699829101562,541.9000244140625,1344100,524.1507568359375
2022-08-09,543.6400146484375,545.0,533.8900146484375,535.8200073242188,1877300,518.2698974609375
2022-08-10,544.47998046875,549.9099731445312,537.2899780273438,539.8200073242188,2336600,522.1387939453125
2022-08-11,543.239990234375,543.489990234375,531.8900146484375,532.2000122070312,2340200,514.7683715820312
2022-08-12,536.1799926757812,538.4000244140625,533.72998046875,537.2100219726562,1918200,519.6142578125
2022-08-15,536.4000244140625,547.0,535.6799926757812,545.75,1848000,527.8746337890625
2022-08-16,551.0999755859375,559.969970703125,548.969970703125,553.02001953125,2498000,534.906494140625
2022-08-17,550.0,559.4500122070312,549.010009765625,556.3200073242188,1835200,538.0984497070312
2022-08-18,559.0599975585938,564.75,556.4199829101562,560.9600219726562,1619200,542.58642578125
2022-08-19,558.6500244140625,559.260009765625,553.1699829101562,554.530029296875,1617000,536.3670043945312
2022-08-22,553.0,553.0,544.2899780273438,545.469970703125,1860900,527.6036987304688
2022-08-23,545.739990234375,546.010009765625,536.8800048828125,542.0700073242188,1359000,524.3151245117188
2022-08-24,542.75,545.219970703125,539.3599853515625,543.219970703125,1145800,525.4273681640625
2022-08-25,545.739990234375,550.9099731445312,539.5499877929688,550.77001953125,1483300,532.7301635742188
2022-08-26,550.0,552.6699829101562,531.6699829101562,531.8200073242188,1886800,514.4008178710938
2022-08-29,527.030029296875,535.5,524.0,531.0599975585938,1579900,513.665771484375
2022-08-30,534.280029296875,536.010009765625,521.510009765625,524.1400146484375,1872700,506.9723815917969
2022-08-31,525.5399780273438,526.3200073242188,520.260009765625,522.0999755859375,2179800,504.9991760253906
2022-09-01,519.719970703125,529.5800170898438,517.030029296875,529.1699829101562,2280600,511.837646484375
2022-09-02,532.7000122070312,534.8400268554688,516.0499877929688,519.1099853515625,1901700,502.10711669921875
2022-09-06,520.1599731445312,523.1500244140625,512.530029296875,518.9000244140625,1933400,501.9040222167969
2022-09-07,520.0,531.6599731445312,518.9000244140625,529.6400146484375,1827900,512.292236328125
2022-09-08,524.3300170898438,533.030029296875,521.5599975585938,529.1199951171875,1600800,511.78924560546875
2022-09-09,532.1199951171875,538.0599975585938,529.530029296875,536.5800170898438,1930900,519.0048217773438
2022-09-12,537.72998046875,542.5999755859375,537.0,539.52001953125,1522400,521.8486938476562
2022-09-13,530.7899780273438,532.239990234375,508.69000244140625,510.29998779296875,2881400,493.585693359375
2022-09-14,513.8599853515625,514.010009765625,503.1199951171875,508.0,2007300,491.3609924316406
2022-09-15,508.3999938964844,509.05999755859375,500.5299987792969,503.5,1749600,487.0084533691406
2022-09-16,499.57000732421875,506.44000244140625,497.29998779296875,504.1400146484375,3004800,487.62750244140625
2022-09-19,502.1600036621094,506.7099914550781,498.8900146484375,506.57000732421875,1441300,489.9779052734375
2022-09-20,503.0,503.42999267578125,493.4200134277344,499.5199890136719,1843100,483.15875244140625
2022-09-21,502.5,506.42999267578125,493.0,493.07000732421875,2082600,476.9200744628906
2022-09-22,494.0,494.0,484.4100036621094,487.1700134277344,3133100,471.2132873535156
2022-09-23,478.94000244140625,482.32000732421875,463.5299987792969,466.3999938964844,5377800,451.12359619140625
2022-09-26,465.8699951171875,484.1099853515625,465.2099914550781,480.29998779296875,4001900,464.5683288574219
2022-09-27,485.489990234375,488.3999938964844,475.42999267578125,478.29998779296875,2412400,462.6337890625
2022-09-28,481.5299987792969,491.54998779296875,474.19000244140625,488.2900085449219,2419500,472.2966003417969
2022-09-29,485.6099853515625,489.010009765625,474.07000732421875,478.9800109863281,1963900,463.2915954589844
2022-09-30,480.6600036621094,483.8299865722656,471.8699951171875,472.2699890136719,2436700,456.80133056640625
2022-10-03,474.5,480.8399963378906,470.3999938964844,477.7300109863281,2338500,462.0825500488281
2022-10-04,483.8299865722656,488.0199890136719,480.7300109863281,486.1300048828125,2175600,470.2073669433594
2022-10-05,481.29998779296875,483.8699951171875,474.82000732421875,480.32000732421875,1587700,464.5876770019531
2022-10-06,483.45001220703125,493.8800048828125,481.9200134277344,482.489990234375,2430700,466.6865234375
2022-10-07,478.260009765625,479.1099853515625,466.1199951171875,468.1499938964844,2568100,452.8162841796875
2022-10-10,469.69000244140625,470.25,461.6099853515625,466.30999755859375,1616300,451.03656005859375
2022-10-11,465.0,477.25,463.70001220703125,472.0199890136719,2341400,456.5595397949219
2022-10-12,474.32000732421875,479.739990234375,466.29998779296875,466.3800048828125,2043900,451.104248046875
2022-10-13,458.19000244140625,471.739990234375,449.0299987792969,467.989990234375,3390900,452.6614990234375
2022-10-14,472.0299987792969,473.3900146484375,453.7900085449219,454.6499938964844,2301600,439.7584228515625
2022-10-17,461.6499938964844,466.8800048828125,460.4800109863281,464.1700134277344,2097500,448.96661376953125
2022-10-18,473.20001220703125,476.5199890136719,468.8299865722656,473.2699890136719,1864000,457.7685852050781
2022-10-19,467.80999755859375,474.8699951171875,466.95001220703125,471.42999267578125,1207600,455.98883056640625
2022-10-20,471.0,472.0799865722656,462.9100036621094,464.6199951171875,1709500,449.40191650390625
2022-10-21,463.7099914550781,479.57000732421875,462.2799987792969,478.17999267578125,2508400,462.5177307128906
2022-10-24,481.6099853515625,498.0,481.010009765625,496.9700012207031,2366200,480.6922912597656
2022-10-25,493.32000732421875,500.19000244140625,490.5,499.05999755859375,2130900,482.7138366699219
2022-10-26,498.0,507.4200134277344,495.69000244140625,499.45001220703125,2088700,483.0910949707031
2022-10-27,499.80999755859375,503.010009765625,494.1400146484375,496.5400085449219,1576600,481.14337158203125
2022-10-28,497.29998779296875,512.8200073242188,495.9700012207031,510.8699951171875,2369300,495.0290222167969
2022-10-31,509.6400146484375,509.6400146484375,500.5,501.5,2192200,485.9495849609375
2022-11-01,503.70001220703125,507.3900146484375,499.7799987792969,499.9599914550781,1586300,484.4573059082031
2022-11-02,497.79998779296875,503.239990234375,483.2699890136719,483.510009765625,2464400,468.5174560546875
2022-11-03,480.8800048828125,491.3299865722656,479.7099914550781,486.2900085449219,2010400,471.21124267578125
2022-11-04,490.3999938964844,492.6300048828125,476.489990234375,486.4100036621094,1987300,471.3275146484375
2022-11-07,477.04998779296875,490.0,474.5,488.54998779296875,2036000,473.401123046875
2022-11-08,490.7300109863281,498.260009765625,484.510009765625,492.760009765625,1709900,477.4805908203125
2022-11-09,491.8999938964844,497.5799865722656,486.8599853515625,489.9700012207031,1640500,474.77716064453125
2022-11-10,504.95001220703125,514.8499755859375,501.3999938964844,513.1300048828125,3098300,497.2189636230469
2022-11-11,513.1300048828125,516.8400268554688,506.7099914550781,515.469970703125,2393500,499.4864196777344
2022-11-14,515.77001953125,520.7000122070312,509.4200134277344,509.67999267578125,1820200,493.8759460449219
2022-11-15,520.0,529.7999877929688,520.0,526.469970703125,2502200,510.14532470703125
2022-11-16,521.3099975585938,528.5599975585938,520.1699829101562,524.1099853515625,1833600,507.85845947265625
2022-11-17,519.0,521.7899780273438,512.9600219726562,521.3200073242188,1902500,505.155029296875
2022-11-18,526.8699951171875,529.5399780273438,518.1900024414062,523.6699829101562,1584400,507.4320983886719
2022-11-21,525.739990234375,527.280029296875,522.0800170898438,523.3699951171875,1268300,507.1413879394531
2022-11-22,529.9600219726562,532.7999877929688,526.6799926757812,531.9500122070312,1809100,515.4554443359375
2022-11-23,534.0,536.7999877929688,530.4000244140625,534.489990234375,1288200,517.9165649414062
2022-11-25,534.1599731445312,535.8599853515625,533.0700073242188,533.6599731445312,744200,517.1123046875
2022-11-28,530.8900146484375,536.25,528.9400024414062,530.9199829101562,1684300,514.4573364257812
2022-11-29,531.0399780273438,533.719970703125,528.0,528.9600219726562,1685700,512.55810546875
2022-11-30,527.4099731445312,542.5800170898438,522.1400146484375,539.25,3601800,522.529052734375
2022-12-01,519.1400146484375,519.1400146484375,495.6700134277344,503.8599853515625,6970400,488.2364196777344
2022-12-02,498.5199890136719,498.9700012207031,492.1099853515625,494.5299987792969,3632100,479.19573974609375
2022-12-05,492.5,492.70001220703125,484.7300109863281,488.6600036621094,2455300,473.50775146484375
2022-12-06,490.6600036621094,491.4700012207031,477.1700134277344,481.1600036621094,2995900,466.24029541015625
2022-12-07,479.0899963378906,486.5400085449219,478.8699951171875,481.9700012207031,2072600,467.0251770019531
2022-12-08,482.8999938964844,483.3299865722656,473.5,481.4200134277344,2901000,466.4922180175781
2022-12-09,475.1000061035156,490.0899963378906,470.5,483.0199890136719,4211100,468.0426025390625
2022-12-12,482.7300109863281,487.82000732421875,480.6700134277344,487.67999267578125,2276400,472.55810546875
2022-12-13,497.0400085449219,497.9700012207031,481.54998779296875,488.20001220703125,2626700,473.06201171875
2022-12-14,488.8599853515625,491.69000244140625,481.0400085449219,483.5199890136719,2145000,468.5270690917969
2022-12-15,475.3399963378906,476.70001220703125,463.1600036621094,463.9100036621094,3437700,449.5251770019531
2022-12-16,461.260009765625,464.7900085449219,456.8800048828125,461.45001220703125,4909200,447.1414794921875
2022-12-19,460.9200134277344,463.4100036621094,455.3599853515625,458.6300048828125,1939200,444.4089050292969
2022-12-20,456.55999755859375,460.25,452.5299987792969,457.82000732421875,1993700,443.6240539550781
2022-12-21,459.3800048828125,463.69000244140625,456.20001220703125,462.05999755859375,1462400,447.7325439453125
2022-12-22,458.6499938964844,460.3999938964844,453.3900146484375,458.7099914550781,1906100,444.4864196777344
2022-12-23,457.5199890136719,463.17999267578125,454.79998779296875,462.6499938964844,1229500,448.30426025390625
2022-12-27,464.3999938964844,464.70001220703125,457.1099853515625,458.5,1230800,444.2829284667969
2022-12-28,457.5400085449219,460.4599914550781,452.79998779296875,452.989990234375,1324100,438.94378662109375
2022-12-29,455.6300048828125,459.0,453.4599914550781,456.5299987792969,1465000,442.3739929199219
2022-12-30,454.6499938964844,456.70001220703125,450.75,456.5,1803200,442.3449401855469
2023-01-03,458.0,458.79998779296875,447.8999938964844,453.2799987792969,1978100,439.2248229980469
2023-01-04,457.17999267578125,459.510009765625,452.5899963378906,456.55999755859375,2097300,442.403076171875
2023-01-05,454.5400085449219,456.42999267578125,449.6199951171875,450.19000244140625,2169300,436.2305908203125
2023-01-06,463.0799865722656,484.4200134277344,462.2200012207031,482.8699951171875,5174500,467.8972473144531
2023-01-09,482.92999267578125,486.8699951171875,478.1400146484375,478.75,2384800,463.9050598144531
2023-01-10,477.1400146484375,482.0899963378906,475.4800109863281,481.3999938964844,1649900,466.4728698730469
2023-01-11,480.3299865722656,484.5199890136719,479.1099853515625,484.30999755859375,1576400,469.2926025390625
2023-01-12,484.989990234375,485.0,478.75,482.42999267578125,1628200,467.4709167480469
2023-01-13,480.8900146484375,485.5899963378906,479.0,485.25,1405900,470.2033996582031
2023-01-17,485.1300048828125,490.4800109863281,484.3699951171875,486.7699890136719,1539900,471.6763000488281
2023-01-18,484.80999755859375,488.80999755859375,478.5199890136719,479.4700012207031,1925500,464.60272216796875
2023-01-19,476.239990234375,477.55999755859375,468.07000732421875,469.489990234375,1919500,454.93212890625
2023-01-20,473.9200134277344,480.32000732421875,469.4700012207031,480.1099853515625,2588600,465.22283935546875
2023-01-23,479.95001220703125,495.239990234375,477.6000061035156,492.6099853515625,2709400,477.3352355957031
2023-01-24,492.04998779296875,493.6000061035156,487.010009765625,492.1099853515625,1510200,476.8507385253906
2023-01-25,489.3599853515625,491.94000244140625,484.5,490.8800048828125,1329800,475.65887451171875
2023-01-26,493.20001220703125,498.6700134277344,491.7699890136719,498.29998779296875,1576400,482.8487854003906
2023-01-27,499.760009765625,509.1000061035156,497.8599853515625,503.2900085449219,2034100,487.6840515136719
2023-01-30,500.3699951171875,505.6000061035156,500.3699951171875,503.2799987792969,1855900,487.6744384765625
2023-01-31,503.2300109863281,511.4100036621094,502.0,511.1400146484375,1924100,495.2906799316406
2023-02-01,508.30999755859375,520.4500122070312,504.7200012207031,517.9099731445312,2080200,501.8506774902344
2023-02-02,524.2899780273438,530.0499877929688,520.6400146484375,523.4299926757812,2287400,508.08251953125
2023-02-03,519.1300048828125,521.5499877929688,512.5,514.7999877929688,1844100,499.70556640625
2023-02-06,514.4400024414062,517.219970703125,512.27001953125,515.5900268554688,1740100,500.4724426269531
2023-02-07,511.989990234375,517.989990234375,507.3900146484375,516.530029296875,1927300,501.3848571777344
2023-02-08,511.2900085449219,512.1799926757812,501.55999755859375,503.80999755859375,2062900,489.0378112792969
2023-02-09,505.2900085449219,509.1600036621094,498.4200134277344,500.6300048828125,1517300,485.9510498046875
2023-02-10,498.510009765625,500.54998779296875,495.3800048828125,499.989990234375,1536800,485.32977294921875
2023-02-13,501.739990234375,506.7900085449219,501.3500061035156,506.45001220703125,1452600,491.6004333496094
2023-02-14,505.010009765625,507.8500061035156,498.6300048828125,503.2200012207031,1257300,488.465087890625
2023-02-15,502.7300109863281,511.4200134277344,501.3399963378906,511.2799987792969,1422600,496.2887878417969
2023-02-16,503.6099853515625,510.7300109863281,503.6000061035156,504.1000061035156,1456000,489.31927490234375
2023-02-17,504.2699890136719,507.7099914550781,501.8399963378906,507.4800109863281,1340400,492.60015869140625
2023-02-21,500.82000732421875,503.989990234375,496.54998779296875,501.739990234375,1811800,487.02850341796875
2023-02-22,503.9200134277344,505.4599914550781,496.6000061035156,497.3900146484375,1332000,482.8060607910156
2023-02-23,498.79998779296875,498.8599853515625,487.8599853515625,493.1400146484375,1546300,478.6806640625
2023-02-24,488.5799865722656,490.3599853515625,484.70001220703125,488.6099853515625,1587600,474.283447265625
2023-02-27,492.54998779296875,493.0,485.67999267578125,487.0299987792969,1501700,472.7497863769531
2023-02-28,485.6000061035156,488.8800048828125,483.7799987792969,484.17999267578125,1918200,469.9833679199219
2023-03-01,481.1000061035156,482.5799865722656,475.0199890136719,478.6700134277344,1759300,464.63494873046875
2023-03-02,477.3599853515625,487.42999267578125,475.55999755859375,485.69000244140625,2379200,471.4490966796875
2023-03-03,474.8299865722656,476.0,465.3299865722656,475.260009765625,5354200,461.324951171875
2023-03-06,476.5199890136719,488.82000732421875,475.5199890136719,483.0799865722656,3104700,468.91558837890625
2023-03-07,486.1000061035156,495.2099914550781,485.0,485.1499938964844,2659100,470.9248962402344
2023-03-08,483.0,486.8800048828125,481.1400146484375,486.0400085449219,1548500,471.7888488769531
2023-03-09,487.4800109863281,490.0,478.6199951171875,479.5199890136719,1629400,465.46002197265625
2023-03-10,478.9800109863281,480.4599914550781,468.3800048828125,471.1400146484375,2123000,457.32574462890625
2023-03-13,466.79998779296875,476.69000244140625,466.79998779296875,472.0,1799600,458.1604919433594
2023-03-14,475.42999267578125,485.1600036621094,473.0,481.9200134277344,2422900,467.7896423339844
2023-03-15,481.510009765625,487.0199890136719,478.5400085449219,485.6600036621094,2226300,471.41998291015625
2023-03-16,484.92999267578125,488.1400146484375,482.760009765625,487.260009765625,1979600,472.97308349609375
2023-03-17,489.07000732421875,489.8999938964844,481.510009765625,487.04998779296875,3959300,472.76922607421875
2023-03-20,488.0,490.7900085449219,485.7200012207031,489.2900085449219,1623800,474.94354248046875
2023-03-21,493.0,493.0,485.989990234375,490.8500061035156,1664000,476.4577941894531
2023-03-22,489.4599914550781,496.6199951171875,487.3500061035156,487.5199890136719,1299700,473.2254333496094
2023-03-23,490.69000244140625,493.25,484.2900085449219,487.760009765625,1565900,473.4584045410156
2023-03-24,486.94000244140625,495.9700012207031,486.55999755859375,495.2699890136719,1635200,480.7481689453125
2023-03-27,497.2799987792969,499.8599853515625,492.510009765625,493.2200012207031,1452100,478.75830078125
2023-03-28,492.6099853515625,494.05999755859375,485.4100036621094,486.7699890136719,1407800,472.4974060058594
2023-03-29,489.20001220703125,491.29998779296875,485.8999938964844,490.8699951171875,1643000,476.4772033691406
2023-03-30,493.0,495.739990234375,491.0,491.4800109863281,1545500,477.0693359375
2023-03-31,495.0,498.3599853515625,493.94000244140625,496.8699951171875,2082000,482.30126953125
2023-04-03,496.5,499.20001220703125,495.0,497.0299987792969,1804700,482.4565734863281
2023-04-04,496.5,502.5799865722656,495.5,497.7300109863281,1913300,483.1360778808594
2023-04-05,499.0,504.1300048828125,495.1600036621094,497.1300048828125,1941500,482.5536804199219
2023-04-06,482.0,487.8500061035156,477.5,485.9800109863281,4114700,471.7305908203125
2023-04-10,483.8999938964844,493.8999938964844,481.6600036621094,493.8299865722656,1653600,479.35040283203125
2023-04-11,493.8299865722656,499.989990234375,493.0,498.6499938964844,1547400,484.02911376953125
2023-04-12,500.0,500.04998779296875,488.5400085449219,489.3500061035156,2063700,475.0018005371094
2023-04-13,493.489990234375,498.44000244140625,490.30999755859375,497.8900146484375,1600500,483.2914123535156
2023-04-14,496.19000244140625,500.3699951171875,490.1600036621094,491.29998779296875,1675300,476.8946228027344
2023-04-17,492.7699890136719,497.8900146484375,491.1499938964844,493.94000244140625,1411800,479.45721435546875
2023-04-18,496.1000061035156,497.6300048828125,494.1199951171875,496.8999938964844,1339600,482.3304138183594
2023-04-19,497.1300048828125,497.989990234375,493.8299865722656,496.0299987792969,1098800,481.48590087890625
2023-04-20,495.75,510.6600036621094,495.510009765625,505.5799865722656,2936500,490.7558898925781
2023-04-21,509.3699951171875,510.6400146484375,505.4599914550781,506.3500061035156,1508600,491.5032958984375
2023-04-24,506.1000061035156,511.69000244140625,505.80999755859375,511.4200134277344,1374100,496.4247131347656
2023-04-25,511.1300048828125,513.1300048828125,502.260009765625,503.1700134277344,1789900,488.4165344238281
2023-04-26,500.4200134277344,502.8699951171875,493.3900146484375,494.6600036621094,1441900,480.1561279296875
2023-04-27,494.8299865722656,502.260009765625,494.8299865722656,501.2699890136719,1361600,486.572265625
2023-04-28,501.55999755859375,504.8299865722656,500.6400146484375,503.2200012207031,1169400,488.465087890625
2023-05-01,499.1499938964844,500.04998779296875,488.79998779296875,493.5899963378906,2203200,479.11749267578125
2023-05-02,495.0,495.67999267578125,489.80999755859375,494.80999755859375,1940800,480.3016662597656
2023-05-03,496.6000061035156,498.7799987792969,489.6600036621094,490.05999755859375,1426400,475.69091796875
2023-05-04,488.94000244140625,490.9100036621094,485.92999267578125,490.3399963378906,1487000,476.95550537109375
2023-05-05,493.20001220703125,499.3999938964844,492.9800109863281,499.05999755859375,1708200,485.4374694824219
2023-05-08,497.3699951171875,500.25,495.70001220703125,499.05999755859375,1015000,485.4374694824219
2023-05-09,496.9599914550781,501.739990234375,496.3900146484375,500.7900085449219,1571800,487.1202392578125
2023-05-10,501.95001220703125,504.9700012207031,495.1000061035156,499.6600036621094,1257600,486.0211181640625
2023-05-11,499.510009765625,503.0,497.54998779296875,501.8900146484375,1046700,488.1902160644531
2023-05-12,503.1700134277344,506.0299987792969,501.20001220703125,504.07000732421875,1471900,490.3106994628906
2023-05-15,504.010009765625,505.0,498.8599853515625,502.0400085449219,1135700,488.33612060546875
2023-05-16,500.0,500.2900085449219,494.29998779296875,496.1499938964844,1229300,482.60687255859375
2023-05-17,498.0,498.010009765625,491.8999938964844,495.0,2069500,481.48828125
2023-05-18,495.0,498.6000061035156,494.0799865722656,498.1000061035156,2298900,484.5036926269531
2023-05-19,499.3900146484375,499.3900146484375,493.9200134277344,496.5199890136719,1634400,482.9668273925781
2023-05-22,497.0,497.0,488.5400085449219,491.8699951171875,1943800,478.4437255859375
2023-05-23,487.1700134277344,487.1700134277344,482.9700012207031,484.8699951171875,1800200,471.634765625
2023-05-24,487.25,487.25,480.9100036621094,482.760009765625,1600600,469.5823669433594
2023-05-25,480.2099914550781,488.5400085449219,476.75,486.54998779296875,3421900,473.2689208984375
2023-05-26,485.6499938964844,510.75,484.1199951171875,507.260009765625,5302600,493.41363525390625
2023-05-30,509.7900085449219,514.7899780273438,501.5899963378906,508.0299987792969,2544800,494.1626281738281
2023-05-31,508.8599853515625,513.8699951171875,504.95001220703125,511.55999755859375,3320800,497.59625244140625
2023-06-01,509.3299865722656,513.739990234375,502.1000061035156,512.5999755859375,2407700,498.6078186035156
2023-06-02,510.32000732421875,518.5,509.3999938964844,512.5900268554688,2283900,498.5981750488281
2023-06-05,512.5900268554688,518.9199829101562,512.02001953125,518.25,2023500,504.1036376953125
2023-06-06,518.25,518.6300048828125,512.760009765625,516.260009765625,1410300,502.16796875
2023-06-07,514.510009765625,519.2899780273438,510.57000732421875,511.2300109863281,1784700,497.2752990722656
2023-06-08,512.5,520.2899780273438,512.5,520.0900268554688,1530400,505.8934326171875
2023-06-09,518.1900024414062,522.0599975585938,515.5,517.280029296875,1287300,503.1601867675781
2023-06-12,517.280029296875,521.27001953125,516.0,520.969970703125,1404500,506.7493896484375
2023-06-13,522.02001953125,522.9500122070312,517.9099731445312,522.02001953125,1204700,507.7707824707031
2023-06-14,525.0,527.8499755859375,523.1400146484375,527.2000122070312,1841400,512.809326171875
2023-06-15,529.0,531.260009765625,526.6599731445312,529.1799926757812,1871600,514.7352294921875
2023-06-16,530.0999755859375,530.4199829101562,522.6300048828125,523.6500244140625,3147400,509.35626220703125
2023-06-20,521.9500122070312,522.9000244140625,518.1400146484375,519.7000122070312,1684400,505.5140686035156
2023-06-21,517.9099731445312,521.6400146484375,516.5399780273438,519.6199951171875,1273600,505.4362487792969
2023-06-22,520.6900024414062,524.6799926757812,519.6799926757812,524.2000122070312,1114000,509.8912353515625
2023-06-23,523.1300048828125,525.4000244140625,519.3400268554688,524.4400024414062,1433700,510.1246337890625
2023-06-26,524.4000244140625,524.8699951171875,521.260009765625,523.4199829101562,1278500,509.13250732421875
2023-06-27,522.6500244140625,532.4099731445312,522.0999755859375,530.3300170898438,1673600,515.85400390625
2023-06-28,528.97998046875,533.489990234375,528.6099853515625,532.7999877929688,1245200,518.2564086914062
2023-06-29,530.5800170898438,532.4500122070312,528.9500122070312,531.6900024414062,1121800,517.1768188476562
2023-06-30,534.1699829101562,539.5599975585938,533.6300048828125,538.3800048828125,2221900,523.6841430664062
2023-07-03,537.25,541.0800170898438,534.3400268554688,541.0399780273438,951400,526.2715454101562
2023-07-05,541.219970703125,546.0499877929688,537.5,541.1300048828125,1630400,526.359130859375
2023-07-06,538.8800048828125,540.2999877929688,536.5800170898438,537.3699951171875,1750100,522.7017211914062
2023-07-07,533.8900146484375,536.4600219726562,524.6300048828125,525.0499877929688,2739500,510.7180480957031
2023-07-10,525.0599975585938,531.1500244140625,525.0599975585938,527.010009765625,1955600,512.6245727539062
2023-07-11,527.5,530.760009765625,526.1500244140625,529.6400146484375,1262300,515.1828002929688
2023-07-12,532.0,540.1099853515625,531.1099853515625,538.0,1960500,523.3145751953125
2023-07-13,537.7999877929688,539.1199951171875,532.7899780273438,538.4500122070312,1647200,523.7522583007812
2023-07-14,538.7100219726562,546.8599853515625,538.0999755859375,546.7000122070312,1828400,531.777099609375
2023-07-17,546.1799926757812,554.2100219726562,546.0999755859375,552.9600219726562,1909900,537.8661499023438
2023-07-18,552.6699829101562,555.0,549.3900146484375,553.5900268554688,1779200,538.47900390625
2023-07-19,554.47998046875,555.8900146484375,552.02001953125,554.1099853515625,1261100,538.9848022460938
2023-07-20,553.8099975585938,561.0700073242188,553.7100219726562,556.9600219726562,1732800,541.7570190429688
2023-07-21,559.1699829101562,562.0499877929688,557.4500122070312,557.8599853515625,5263900,542.6324462890625
2023-07-24,558.0,566.5700073242188,555.8800048828125,563.9299926757812,2086400,548.5367431640625
2023-07-25,566.77001953125,567.5499877929688,564.2999877929688,565.1900024414062,1602500,549.7623291015625
2023-07-26,565.510009765625,568.030029296875,563.4199829101562,566.1699829101562,1306400,550.715576171875
2023-07-27,567.719970703125,571.1599731445312,560.5999755859375,561.8300170898438,1485300,546.4940795898438
2023-07-28,564.5800170898438,567.8099975585938,562.6199951171875,563.3200073242188,1371400,547.943359375
2023-07-31,563.0,564.2899780273438,559.0499877929688,560.6699829101562,1365900,545.36572265625
2023-08-01,560.6300048828125,562.8800048828125,554.5399780273438,555.469970703125,1445300,540.3076782226562
2023-08-02,552.260009765625,556.6300048828125,551.02001953125,552.3499755859375,1635000,537.2728271484375
2023-08-03,553.530029296875,560.3499755859375,552.219970703125,557.6900024414062,1463400,542.4671020507812
2023-08-04,561.0700073242188,561.2899780273438,551.4099731445312,552.0399780273438,1141500,536.9712524414062
2023-08-07,554.989990234375,559.5599975585938,554.989990234375,558.4099731445312,1015400,543.1673583984375
2023-08-08,558.0,558.9000244140625,551.8400268554688,556.1199951171875,1020400,540.9398803710938
2023-08-09,557.97998046875,562.0900268554688,556.8099975585938,559.7000122070312,1471800,544.4221801757812
2023-08-10,563.2000122070312,569.2100219726562,560.7000122070312,561.489990234375,1107200,546.1633911132812
2023-08-11,560.3499755859375,565.0,559.030029296875,562.9600219726562,1043100,547.5932006835938
2023-08-14,564.77001953125,567.7100219726562,560.4400024414062,561.469970703125,1247600,546.1438598632812
2023-08-15,561.0499877929688,565.1599731445312,558.2000122070312,558.510009765625,1124300,543.2647094726562
2023-08-16,561.7000122070312,564.9500122070312,558.719970703125,559.0499877929688,1340100,543.7899169921875
2023-08-17,559.469970703125,560.4199829101562,545.0800170898438,547.1099853515625,1941900,532.1759033203125
2023-08-18,546.9199829101562,549.469970703125,543.1099853515625,544.9400024414062,1877800,530.0650634765625
2023-08-21,543.8599853515625,545.1500244140625,536.2999877929688,543.2100219726562,2076100,528.38232421875
2023-08-22,541.9600219726562,541.9600219726562,537.5,538.3699951171875,1286000,523.6744384765625
2023-08-23,538.9600219726562,541.1699829101562,536.239990234375,540.8599853515625,1295800,526.096435546875
2023-08-24,539.2899780273438,541.0,530.8200073242188,531.7100219726562,1587500,518.1734619140625
2023-08-25,532.9099731445312,535.7899780273438,530.5599975585938,534.010009765625,1511500,520.4149169921875
2023-08-28,536.0,537.0399780273438,533.1199951171875,536.1900024414062,945800,522.5394287109375
2023-08-29,534.3400268554688,543.0700073242188,534.3400268554688,542.77001953125,1468500,528.9518432617188
2023-08-30,542.72998046875,544.4199829101562,539.3099975585938,542.260009765625,1292800,528.4548950195312
2023-08-31,540.0,552.2000122070312,540.0,549.280029296875,2086500,535.296142578125
2023-09-01,553.0700073242188,553.47998046875,540.6400146484375,544.25,1437400,530.3942260742188
2023-09-05,545.72998046875,549.1900024414062,544.0,544.72998046875,1714300,530.8619384765625
2023-09-06,541.719970703125,548.6799926757812,540.1799926757812,546.6900024414062,1476600,532.7720336914062
2023-09-07,548.6500244140625,550.989990234375,544.2899780273438,548.6199951171875,1340000,534.6529541015625
2023-09-08,549.0700073242188,552.3800048828125,548.0999755859375,551.1900024414062,1075300,537.1575317382812
2023-09-11,552.8099975585938,559.3900146484375,551.8599853515625,558.780029296875,1388600,544.5543212890625
2023-09-12,559.280029296875,560.4000244140625,556.1799926757812,558.7899780273438,1055500,544.5640258789062
2023-09-13,558.2999877929688,560.4400024414062,554.6199951171875,559.760009765625,1162700,545.5093383789062
2023-09-14,564.8099975585938,566.7000122070312,560.25,564.77001953125,1257300,550.3917846679688
2023-09-15,565.3300170898438,565.510009765625,555.5399780273438,556.3599853515625,2944900,542.1959228515625
2023-09-18,558.1799926757812,564.1900024414062,557.469970703125,562.719970703125,1003100,548.3939208984375
2023-09-19,561.6400146484375,565.3300170898438,559.4299926757812,564.3499755859375,1144700,549.9824829101562
2023-09-20,564.3499755859375,569.219970703125,562.6599731445312,563.8300170898438,1311500,549.4757690429688
2023-09-21,564.0700073242188,564.5700073242188,554.280029296875,555.0800170898438,1687700,540.948486328125
2023-09-22,555.1599731445312,562.969970703125,554.780029296875,558.5900268554688,1527300,544.369140625
2023-09-25,559.489990234375,561.27001953125,554.739990234375,558.6199951171875,1313300,544.3983764648438
2023-09-26,559.1500244140625,561.3699951171875,552.0,552.9600219726562,2425100,538.8824462890625
2023-09-27,547.3800048828125,566.5,544.72998046875,563.530029296875,4591400,549.1834106445312
2023-09-28,564.0700073242188,572.1799926757812,564.0700073242188,568.6300048828125,2192400,554.153564453125
2023-09-29,570.0,570.989990234375,560.7000122070312,564.9600219726562,1886600,550.5770263671875
2023-10-02,567.9099731445312,571.739990234375,564.0,571.3099975585938,1831700,556.7653198242188
2023-10-03,571.0999755859375,576.1900024414062,563.010009765625,565.0399780273438,2007400,550.6549072265625
2023-10-04,569.489990234375,572.6099853515625,563.760009765625,571.7999877929688,1798800,557.2427368164062
2023-10-05,572.1699829101562,574.75,564.3599853515625,569.52001953125,1579700,555.0208740234375
2023-10-06,566.0900268554688,566.9500122070312,542.6300048828125,557.530029296875,4245900,543.336181640625
2023-10-09,555.0,559.75,549.780029296875,558.969970703125,1781500,544.7394409179688
2023-10-10,559.9199829101562,566.9500122070312,557.239990234375,562.0900268554688,2176800,547.7800903320312
2023-10-11,564.8499755859375,566.5,560.2000122070312,565.52001953125,1449800,551.1226806640625
2023-10-12,568.0499877929688,569.1400146484375,562.3800048828125,563.780029296875,1458000,549.427001953125
2023-10-13,563.8499755859375,567.4400024414062,561.97998046875,566.8400268554688,1243900,552.4091796875
2023-10-16,569.6900024414062,574.0999755859375,568.52001953125,572.239990234375,1428300,557.671630859375
2023-10-17,571.9400024414062,576.0599975585938,570.7100219726562,574.3400268554688,1404600,559.7182006835938
2023-10-18,573.9199829101562,577.2999877929688,572.0,574.6400146484375,1311900,560.010498046875
2023-10-19,573.7000122070312,575.8499755859375,564.1099853515625,565.6300048828125,2019600,551.2299194335938
2023-10-20,566.5399780273438,566.6699829101562,552.010009765625,552.9299926757812,2294500,538.8532104492188
2023-10-23,554.1400146484375,556.9199829101562,546.6300048828125,552.2899780273438,1776500,538.2294921875
2023-10-24,552.0999755859375,555.989990234375,549.3300170898438,551.8400268554688,1678600,537.7909545898438
2023-10-25,548.5499877929688,553.8300170898438,545.6099853515625,549.989990234375,1757500,535.9880981445312
2023-10-26,549.6500244140625,554.6599731445312,545.530029296875,547.5999755859375,1925300,533.6588745117188
2023-10-27,547.5999755859375,548.030029296875,540.22998046875,543.030029296875,1503100,529.2052612304688
2023-10-30,545.739990234375,556.3599853515625,543.6400146484375,554.8800048828125,1696200,540.7535400390625
2023-10-31,552.1599731445312,554.030029296875,549.0599975585938,552.4400024414062,1394700,538.375732421875
2023-11-01,555.0,558.4400024414062,549.6500244140625,556.7999877929688,1735300,542.6246948242188
2023-11-02,556.5,559.510009765625,552.010009765625,555.969970703125,2100600,542.8101806640625
2023-11-03,557.3300170898438,562.989990234375,555.22998046875,560.9000244140625,1826300,547.6234741210938
2023-11-06,560.489990234375,572.6500244140625,560.1300048828125,569.8200073242188,2056900,556.3323974609375
2023-11-07,572.5,573.8900146484375,569.5599975585938,571.27001953125,1373100,557.748046875
2023-11-08,572.1199951171875,572.989990234375,564.2899780273438,567.3800048828125,1343600,553.9501342773438
2023-11-09,569.0,569.0,562.010009765625,563.27001953125,1288400,549.9373779296875
2023-11-10,567.9000244140625,577.8900146484375,564.9400024414062,577.1199951171875,1908800,563.4595336914062
2023-11-13,575.0,579.9500122070312,573.489990234375,578.22998046875,1650700,564.5433349609375
2023-11-14,581.739990234375,591.5499877929688,581.2100219726562,590.7999877929688,2037600,576.8157348632812
2023-11-15,593.989990234375,599.8900146484375,593.3900146484375,596.780029296875,2165100,582.654296875
2023-11-16,586.3800048828125,586.5900268554688,572.239990234375,578.5800170898438,2954700,564.885009765625
2023-11-17,578.9000244140625,579.9199829101562,574.0599975585938,577.1500244140625,1773600,563.4888916015625
2023-11-20,577.3400268554688,582.3200073242188,577.3400268554688,580.7999877929688,1624100,567.052490234375
2023-11-21,582.0,584.9500122070312,577.7100219726562,584.2999877929688,1173700,570.4696044921875
2023-11-22,586.8499755859375,591.1400146484375,586.3499755859375,589.0800170898438,1068600,575.1365356445312
2023-11-24,591.02001953125,594.2000122070312,590.4099731445312,591.3599853515625,645800,577.3624877929688
2023-11-27,592.52001953125,599.9400024414062,592.4099731445312,594.9000244140625,1627400,580.8187866210938
2023-11-28,593.1900024414062,597.4199829101562,591.4199829101562,594.0,1286800,579.9400024414062
2023-11-29,595.2000122070312,595.2100219726562,587.4199829101562,587.8599853515625,1319800,573.9453735351562
2023-11-30,587.8300170898438,593.0700073242188,582.8300170898438,592.739990234375,1755200,578.7098388671875
2023-12-01,593.280029296875,596.3499755859375,590.5900268554688,596.25,1474700,582.1367797851562
2023-12-04,592.1500244140625,599.530029296875,591.4600219726562,599.0800170898438,1624000,584.8997802734375
2023-12-05,598.530029296875,608.8800048828125,597.030029296875,605.3499755859375,2349700,591.0213012695312
2023-12-06,605.5,608.47998046875,603.8599853515625,607.4299926757812,2233900,593.0521240234375
2023-12-07,610.0,612.3499755859375,606.3499755859375,610.9500122070312,1690400,596.4888305664062
2023-12-08,608.5999755859375,613.6099853515625,607.72998046875,610.780029296875,1502100,596.3228759765625
2023-12-11,621.969970703125,625.030029296875,618.760009765625,623.8599853515625,2139300,609.0932006835938
2023-12-12,627.4400024414062,629.6900024414062,623.2100219726562,629.5,2374400,614.5997924804688
2023-12-13,633.9199829101562,642.5999755859375,631.0,642.0,2436900,626.8038940429688
2023-12-14,641.1799926757812,641.9000244140625,630.2999877929688,630.780029296875,3839200,615.8494873046875
2023-12-15,641.5,661.8800048828125,640.5,658.8200073242188,8805200,643.2257690429688
2023-12-18,664.5,681.9099731445312,661.0999755859375,681.239990234375,5733400,665.1150512695312
2023-12-19,675.0,680.7999877929688,669.1199951171875,677.739990234375,3437300,661.6978759765625
2023-12-20,671.7899780273438,674.3499755859375,660.7999877929688,661.0,3782700,645.3541259765625
2023-12-21,665.8599853515625,667.3400268554688,659.4500122070312,665.1599731445312,2388400,649.4156494140625
2023-12-22,668.0,673.27001953125,666.0,671.5999755859375,1639500,655.7031860351562
2023-12-26,673.010009765625,675.8599853515625,670.780029296875,674.6199951171875,1774800,658.6517944335938
2023-12-27,662.7000122070312,668.5800170898438,660.4000244140625,666.7999877929688,1875900,665.8212280273438
2023-12-28,665.8499755859375,666.8599853515625,661.5900268554688,663.0999755859375,1496900,662.1266479492188
2023-12-29,661.0,663.1900024414062,657.1599731445312,660.0800170898438,1947000,659.111083984375
